repeat,no_households,algorithm,no_tasks,penalty_weight,cost_function_type,max_demand initial,max_demand final,max_demand reduction,PAR initial,PAR final,PAR reduction,objective initial,objective final,objective reduction,cost initial,cost final,cost reduction,Average run_time
0,10,heuristic,5,1,piece-wise,29291,29291.0,0.00%,9.26,9.26,0.00%,2613510.4,2126572.0,18.60%,2613510.4,2126572.0,18.60%,0.0
0,10,heuristic_fw,5,1,piece-wise,29291,15796.118978605426,46.10%,9.26,4.99,46.10%,2613510.4,2126808.2800000003,18.60%,2613510.4,2126776.43,18.60%,0.0
0,50,heuristic,5,1,piece-wise,47099,66210.0,-40.60%,2.26,3.17,-40.30%,15896125.6,14022550.0,11.80%,15896125.6,14022146.0,11.80%,0.001
0,50,heuristic_fw,5,1,piece-wise,47099,30453.69036554788,35.30%,2.26,1.46,35.40%,15896125.6,14050649.26119835,11.60%,15896125.6,14050620.22,11.60%,0.002
