,obj,cost,inconvenient,step_size
0,384032841.2,384032841.2,0,1.0
1,383815148.15163904,383815148.15163904,0,0.00010103880521612832
