,obj,cost,inconvenient,step_size
0,384032841.2,384032841.2,0,1.0
1,383815851.68247074,383815851.68247074,0,9.938628966134122e-05
