,obj,cost,inconvenient,step_size
0,235622145.20000002,235622145.20000002,0,1.0
1,235600179.25845334,235600179.25845334,0,0.00018632604679558843
