,obj,cost,inconvenient,step_size
0,235622145.20000002,235622145.20000002,0,1.0
1,235600098.3258157,235600098.3258157,0,0.00018632604679558843
