,repeat,algorithm,average_run_time_per_iteration,no_iterations,no_households,no_tasks,penalty_weight,cost_function_type,max_demand initial,max_demand final,max_demand reduction,PAR initial,PAR final,PAR reduction,objective initial,objective final,objective reduction,cost initial,cost final,cost reduction
0,0,heuristic,0.783,10,2000,5,1,piece-wise,957788,18737752.0,-18.564,1.22,23.84,-18.541,644715250.1,6916830415.6,-9.729,644715250.1,6914684912.6,-9.725
1,0,heuristic_fw,0.001,10,2000,5,1,piece-wise,957788,875264.5188862922,0.086,1.22,1.11,0.09,644715250.1,586576403.2967448,0.09,644715250.1,586567301.22,0.09
2,1,heuristic,0.8,10,2000,5,1,piece-wise,1015317,17249912.0,-15.99,1.25,21.23,-15.984,642764697.5,6913672527.0,-9.756,642764697.5,6911572089.0,-9.753
3,1,heuristic_fw,0.001,10,2000,5,1,piece-wise,1015317,941776.5427137183,0.072,1.25,1.16,0.072,642764697.5,596729386.8987695,0.072,642764697.5,596722526.78,0.072
4,0,heuristic,1.822,10,4000,5,1,piece-wise,1893646,29972938.0,-14.828,1.18,18.63,-14.788,1444316878.3,15125797522.6,-9.473,1444316878.3,15122121877.6,-9.47
5,0,heuristic_fw,0.001,10,4000,5,1,piece-wise,1893646,1758045.9374374629,0.072,1.18,1.09,0.076,1444316878.3,1264268933.800767,0.125,1444316878.3,1264246145.39,0.125
6,1,heuristic,2.542,11,4000,5,1,piece-wise,1928677,40620421.0,-20.061,1.2,25.21,-20.008,1394141330.2,15020425923.6,-9.774,1394141330.2,15015257166.6,-9.77
7,1,heuristic_fw,0.001,11,4000,5,1,piece-wise,1928677,1782064.661852558,0.076,1.2,1.11,0.075,1394141330.2,1235284689.8817077,0.114,1394141330.2,1235263323.58,0.114
